{
  "employees": [
    {
      "id": 1,
      "employee_name": "Hari Prasath",
      "employee_email": "hari@gmail.com",
      "employee_salary": 100000,
      "employee_age": 26
    },
    {
      "id": 2,
      "employee_name": "Sanjay",
      "employee_email": "sanjay@gmail.com",
      "employee_salary": 57000,
      "employee_age": 24
    },
    {
      "id": 3,
      "employee_name": "Ashwin",
      "employee_email": "ashwin@gmail.com",
      "employee_salary": 200000,
      "employee_age": 31
    },
    {
      "id": 4,
      "employee_name": "Shreya",
      "employee_email": "shreya@gmail.com",
      "employee_salary": 60000,
      "employee_age": 29
    },
    {
      "id": 5,
      "employee_name": "Viharisa",
      "employee_email": "viharisa@gmail.com",
      "employee_salary": 75000,
      "employee_age": 23
    }
  ],
  "admin": [
    {
      "email": "visalini@gmail.com",
      "password": "viha",
      "id": 1
    }
  ]
}